<?xml version="1.0" encoding="UTF-8"?>
<mappings xmlns="http://dozer.sourceforge.net" xmlns:xsi="http://www.w3.org/2001/XMLSchema-instance"
	xsi:schemaLocation="http://dozer.sourceforge.net http://dozer.sourceforge.net/schema/beanmapping.xsd">

<!--  <configuration>
	<custom-converters> 
		<converter
			type="com.ndovado.tecservices.mappers.converters.IPrenotabileBeanConverter">
			<class-a>com.ndovado.dominio.prenotazioni.IPrenotabile</class-a>
			<class-b>com.ndovado.webapp.beans.prenotazioni.IPrenotabileBean</class-b>
		</converter>
	</custom-converters>
</configuration>-->
 
	<mapping>
	<class-a>com.ndovado.dominio.core.Utente</class-a>
	<class-b>com.ndovado.webapp.beans.core.UtenteBean</class-b>
	<field>
		<a>ruolo</a>
		<b>ruolo</b>
		<a-hint>com.ndovado.dominio.core.Locatario,com.ndovado.dominio.core.Gestore</a-hint>
		<b-hint>com.ndovado.webapp.beans.core.LocatarioBean,com.ndovado.webapp.beans.core.GestoreBean</b-hint>
	</field>
</mapping>
	<mapping>
		<class-a>com.ndovado.dominio.core.Camera</class-a>
		<class-b>com.ndovado.webapp.beans.core.CameraBean</class-b>
	</mapping>


	<mapping>
		<class-a>com.ndovado.dominio.core.Struttura</class-a>
		<class-b>com.ndovado.webapp.beans.core.StrutturaBean</class-b>

		<field>
			<a get-method="getGestore">gestore</a>
			<b>gestore</b>
		</field>
		<field-exclude>
			<a>tableau</a>
			<b>tableau</b>
		</field-exclude>
	</mapping>
	<mapping>
		<class-a>com.ndovado.dominio.core.Luogo</class-a>
		<class-b>com.ndovado.webapp.beans.core.LuogoBean</class-b>

		<field-exclude>
			<a get-method="getStruttureInLuogo">struttureInLuogo</a>
			<b get-method="getStruttureInLuogo">struttureInLuogo</b>
		</field-exclude>
	</mapping>
	<mapping>
		<class-a>com.ndovado.dominio.core.Gestore</class-a>
		<class-b>com.ndovado.webapp.beans.core.GestoreBean</class-b>
		<field-exclude>
			<a>struttureGestite</a>
			<b>struttureGestite</b>
		</field-exclude>
	</mapping>
	<mapping>
		<class-a>com.ndovado.dominio.core.Locatario</class-a>
		<class-b>com.ndovado.webapp.beans.core.LocatarioBean</class-b>
	<field-exclude><a>prenotazioni</a><b>prenotazioni</b></field-exclude></mapping>
	<mapping>
		<class-a>com.ndovado.dominio.core.ARuolo</class-a>
		<class-b>com.ndovado.webapp.beans.core.ARuoloBean</class-b>
	</mapping>
	<mapping>
		<class-a>com.ndovado.dominio.servizi.ATipologiaServizio</class-a>
		<class-b>com.ndovado.webapp.beans.servizi.ATipologiaServizioBean</class-b>
	</mapping>
	<mapping>
		<class-a>com.ndovado.dominio.servizi.ServizioAggiuntivo</class-a>
		<class-b>com.ndovado.webapp.beans.servizi.ServizioAggiuntivoBean</class-b>
	</mapping>
	<mapping>
		<class-a>com.ndovado.dominio.servizi.ServizioBase</class-a>
		<class-b>com.ndovado.webapp.beans.servizi.ServizioBaseBean</class-b>
		<field-exclude>
			<a>prezzo</a>
			<b>prezzo</b>
		</field-exclude>
	</mapping>
	<mapping>
		<class-a>com.ndovado.dominio.servizi.ServizioComune</class-a>
		<class-b>com.ndovado.webapp.beans.servizi.ServizioComuneBean</class-b>
	</mapping>
	<mapping>
	<class-a>com.ndovado.dominio.servizi.DettaglioServizio</class-a>
	<class-b>com.ndovado.webapp.beans.servizi.DettaglioServizioBean</class-b>
	<field>
		<a>tipologia</a>
		<b>tipologia</b>
		<a-hint>com.ndovado.dominio.servizi.ServizioBase,com.ndovado.dominio.servizi.ServizioAggiuntivo</a-hint>
		<b-hint>com.ndovado.webapp.beans.servizi.ServizioBaseBean,com.ndovado.webapp.beans.servizi.ServizioAggiuntivoBean</b-hint>
	</field></mapping>
	<mapping>
		<class-a>com.ndovado.dominio.prenotazioni.statiprenotazione.AStatoPrenotazione</class-a>
		<class-b>com.ndovado.webapp.beans.prenotazioni.statiprenotazione.AStatoPrenotazioneBean</class-b>
	</mapping>
	<mapping>
		<class-a>com.ndovado.dominio.prenotazioni.statiprenotazione.StatoPendente</class-a>
		<class-b>com.ndovado.webapp.beans.prenotazioni.statiprenotazione.StatoPendenteBean</class-b>
	</mapping>
	<mapping>
		<class-a>com.ndovado.dominio.prenotazioni.statiprenotazione.StatoEliminata</class-a>
		<class-b>com.ndovado.webapp.beans.prenotazioni.statiprenotazione.StatoEliminataBean</class-b>
	</mapping>
	<mapping>
		<class-a>com.ndovado.dominio.prenotazioni.statiprenotazione.StatoConfermata</class-a>
		<class-b>com.ndovado.webapp.beans.prenotazioni.statiprenotazione.StatoConfermataBean</class-b>
	</mapping>
	<mapping stop-on-errors="true">
	<class-a>com.ndovado.dominio.prenotazioni.LineaPrenotazione</class-a>
	<class-b>com.ndovado.webapp.beans.prenotazioni.LineaPrenotazioneBean</class-b>
	<field>
		<a is-accessible="true">prenotazioneCorrente</a>
		<b>prenotazioneCorrente</b>
	</field>
	
	<field>
		<a>oggettoPrenotato</a>
		<b>oggettoPrenotato</b>
		<a-hint>com.ndovado.dominio.core.Camera,com.ndovado.dominio.servizi.ServizioAggiuntivo</a-hint>
		<b-hint>com.ndovado.webapp.beans.core.CameraBean,com.ndovado.webapp.beans.servizi.ServizioAggiuntivoBean</b-hint>
	</field>
	
</mapping>
	<mapping>
	<class-a>com.ndovado.dominio.prenotazioni.Prenotazione</class-a>
	<class-b>com.ndovado.webapp.beans.prenotazioni.PrenotazioneBean</class-b>
	<field>
		<a is-accessible="true">dataOraPrenotazione</a>
		<b>dataOraPrenotazione</b>
	</field>
	<field>
		<a is-accessible="true">importoTotale</a>
		<b>importoTotale</b>
	</field>
	<field>
		<a>pagamentoAssociato</a>
		<b>pagamentoAssociato</b>
	</field>
	<field>
		<a>statoPrenotazione</a>
		<b>statoPrenotazione</b>
		<a-hint>com.ndovado.dominio.prenotazioni.statiprenotazione.StatoPendente,com.ndovado.dominio.prenotazioni.statiprenotazione.StatoEliminata,com.ndovado.dominio.prenotazioni.statiprenotazione.StatoConfermata</a-hint>
		<b-hint>com.ndovado.webapp.beans.prenotazioni.statiprenotazione.StatoPendenteBean,com.ndovado.webapp.beans.prenotazioni.statiprenotazione.StatoEliminataBean,com.ndovado.webapp.beans.prenotazioni.statiprenotazione.StatoConfermataBean</b-hint>
	</field>
</mapping>
	<mapping>
	<class-a>com.ndovado.dominio.pagamenti.Pagamento</class-a>
	<class-b>com.ndovado.webapp.beans.pagamenti.PagamentoBean</class-b>
	<field>
		<a get-method="isAutorizzato" set-method="setAutorizzato">autorizzato</a>
		<b get-method="isAutorizzato" set-method="setAutorizzato">autorizzato</b>
	</field>
</mapping>
	<mapping>
		<class-a>com.ndovado.dominio.prenotazioni.IPrenotabile</class-a>
		<class-b>com.ndovado.webapp.beans.prenotazioni.IPrenotabileBean</class-b>
	</mapping>
	</mappings>
